,GPU Util (%),Power (W)
50%,99.815,424.31
count,740.0,1183.0
max,999.87,479.77
mean,96.9858108108108,386.30457311918843
min,0.0,0.0
std,37.72368719240486,66.14590580390296
