,GPU Util (%),Power (W)
50%,99.8,322.315
count,2100.0,4236.0
max,100.0,486.11
mean,90.19414761904761,364.57741265344663
min,0.0,264.09
std,27.467143807371823,69.32641419293726
