,GPU Util (%),Power (W)
50%,99.835,268.9275
count,1433.0,4072.0
max,100.0,476.59
mean,89.01627160283948,319.00388875245585
min,0.0,252.33
std,28.750940323741403,72.67326249261015
