,GPU Util (%),Power (W)
50%,99.835,268.9275
count,1433.0,4072.0
max,100.0,474.38
mean,89.01627160283948,319.00388875245585
min,0.0,255.28000000000003
std,28.750940323741403,72.67326249261015
