,GPU Util (%),Power (W)
50%,99.785,299.98
count,1367.5,3402.0
max,100.0,484.98
mean,81.88198728625001,327.78211613776693
min,0.0,252.3
std,35.83912613123576,74.77177421448152
