,GPU Util (%),Power (W)
50%,99.82124999999999,266.89
count,787.0,3107.5
max,912.0,474.09
mean,80.83276982324944,301.45932181773503
min,0.0,252.34
std,39.64056945016704,64.95257224689439
