Config,Energy (J),Elapsed Time (S),Mean Power (W)
1x1,1330046.6452493656,3443.0,386.3045731191884
1x4,1892885.9264966948,1298.0,364.57741265344663
2x4,3047125.1453634584,1194.0,319.00388875245585
4x4,5423694.817227792,1179.0,287.51562856381423
2x8,2394120.5762702497,913.0,327.78211613776693
4x8,4152903.6173611176,861.0,301.45932181773503
