,SM (%),Power (W)
50%,100.0,201.5
count,992.0,992.0
max,100.0,459.0
mean,71.07459677419355,209.15020161290323
min,0.0,63.0
std,45.030234039336804,129.34863058442588
