,SM (%),Power (W)
50%,0.0,73.0
count,3984.0,3984.0
max,100.0,438.0
mean,14.82730923694779,98.17018072289157
min,0.0,58.0
std,34.38010707048498,83.35912858060459
