,SM (%),Power (W)
50%,0.0,74.0
count,1276.0,1276.0
max,100.0,418.5
mean,28.13644872900406,120.8364048761433
min,0.0,60.5
std,43.721686323064304,102.07865135661285
