,SM (%),Power (W)
50%,0.0,71.0
count,3574.0,3574.0
max,100.0,468.5
mean,10.773362950965875,84.54662193646331
min,0.0,58.0
std,29.937923291945328,63.92559255847436
