,SM (%),Power (W)
50%,0.0,72.25
count,521.25,521.25
max,100.0,455.0
mean,36.20318043115964,138.6269576925007
min,0.0,58.0
std,47.164192572721035,116.63804621476356
